name,url
4 the music,https://4themusic.club
Azuracast,https://azuracast.com/
Blues Radio UK,https://blues-radio.co.uk/
c(OM)aFM,https://coma.omfm.ru
Dial Radio,https://dialradio.live
Eastanbul,http://eastanbul.com
Flux’n’air radio,http://radijas.mekas.lt
Gargoyle,https://gargoyle.co.za
http://schopenhauer.fm/,http://schopenhauer.fm/
KPISS,https://kpiss.fm/
lahmacun,https://lahmacun.hu
Liquidsoap,https://www.liquidsoap.info
Radio audiomastering,http://radio.audiomastering.lt
Radio BIP,http://radiobip.fr/
Radio Calico,https://radio-calico.com/
Radio France,https://www.radiofrance.fr/
Radio Primitive,https://www.radioprimitive.fr
Radio Vilnius,https://radiovilnius.live
raiono radio,https://raionoradio.lt
redio.co,https://redio.co/
Retail Radio,https://retail-radio.co.uk/
Ruff Cutz Radio,https://turbozone.org/
SoundStack,https://soundstack.com
Static multimedia network,https://www.staticmultimedianetwork.net
The hiku media,https://tehiku.nz/
