Name,Website
BMIR,https://bmir.org/
Shouting Fire,https://shoutingfire.com/
He can jog,https://hecanjog.com
Hawkwynd Radio,www.hawkwynd.com 
Uncertain.fm,uncertain.fm
Systrum Sistum,https//systrum.net
Cambridge Digital Radio ,https://cambridgedigitalradio.co.uk
 ,
G&L,https://www.gl-systemhaus.de/
lahmacun,https://lahmacun.hu
KPISS.FM,KPISS.FM
,
,
,
ChuntFM,https://www.chunt.org/
Scout Radio,https://scout.radio/
Taifuun FM,https://taifuun.eu
firedrill,https://freedrull.online/
,
,https://mustafejen.se/~per
,
,
DRN1,DRN1.com
,
,
Radio blackout,https://radioblackout.org/
,
,
,
SoundStack,https://soundstack.com
radiofrance,https://radiofrance.fr/
LICKD,https://lickd.co/
Live365,https://live365.com/
,
Pierre Depaz,https://pierredepaz.net
QuantumCast,https://www.quantumcast-digital.de
,
,
Shoutzor,www.shoutzor.com
,
shoutcastnet,https://www.shoutcastnet.com/
VestRadio,https://www.vestaradio.net
,
,
,
,
Starsystem FM,http://radiosurle.net/
,
440Music,https://www.440music.com/
LiveATC.net,https://liveatc.net
Radiophone,http://radiophone.gr/
,
,
Frei0r,https://dyne.org/software/frei0r/
,
audiomastering.lt,http://audiomastering.lt
Dee Spaces,https://www.deespaces.com/en/
Azuracast,https://azuracast.com/
,
Showergel,https://showergel.readthedocs.io
mawalkingradio.com,http://mawalkingradio.com/
mediainbox,http://mediainbox.net/
,
Oriol Gómez,https://www.oriolgomez.com
Kynan Puru Watt,http://kynan.pw/
,
Gargoyle,http://gargoyle.co.za/
Πnode,https://p-node.org/
LiveMasjid,https://www.livemasjid.com/
radiocafé,http://radiocafe.ro/
Charon Faustinus,https://charon.monster
,
Kyriakos Tsoukalas,https://www.ktsoukalas.com/
Ruff Cutz Radio,https://turbozone.org/
Orion,https://www.orion-web.hr
,
this is the coast,www.thisisthecoast.co.uk
,
BFF.fm,https://bff.fm/
Chris Masters,https://www.chrismasters.studio/
,
NEXUS,https://nexus.org
Vincent Rioux,http://vincentrioux.net/
,
,
Pi Radio,https://piradio.de/
Scenir Telepresence,https://telepresence-scenic.ca/
,
,
Sharp stream,https://sharp-stream.com
